ticker,name,exchange
NVDA,Nvidia,NASDAQ
AAPL,Apple,NASDAQ
MSFT,Microsoft,NASDAQ
AMZN,Amazon.Com Inc,NASDAQ
GOOGL,Alphabet Class A,NASDAQ
AVGO,Broadcom Inc,NASDAQ
GOOG,Alphabet Class C,NASDAQ
META,Meta Platforms Class A,NASDAQ
MU,Micron Technology,NASDAQ
TSLA,Tesla Inc,NASDAQ
AMD,Advanced Micro Devices,NASDAQ
BRK-B,Berkshire Hathaway Inc Class B,NYSE
LLY,Eli Lilly,NYSE
JPM,Jpmorgan Chase & Co,NYSE
XOM,Exxonmobil Holdings Corp,NYSE
V,Visa Class A,NYSE
JNJ,Johnson & Johnson,NYSE
INTC,Intel Corporation,NASDAQ
WMT,Walmart,NASDAQ
ABBV,Abbvie,NYSE
MA,Mastercard Class A,NYSE
CSCO,Cisco Systems Inc,NASDAQ
PLTR,Palantir Technologies Class A,NASDAQ
COST,Costco Wholesale Corp,NASDAQ
AMAT,Applied Material Inc,NASDAQ
LRCX,Lam Research,NASDAQ
CVX,Chevron,NYSE
CAT,Caterpillar Inc,NYSE
MRK,Merck & Co Inc,NYSE
PG,Procter & Gamble,NYSE
BAC,Bank Of America,NYSE
KO,Coca-Cola,NYSE
UNH,Unitedhealth Group,NYSE
PANW,Palo Alto Networks,NASDAQ
GE,Ge Aerospace,NYSE
PM,Philip Morris International,NYSE
NFLX,Netflix,NASDAQ
HD,Home Depot,NYSE
GEV,Ge Vernova,NYSE
CRWD,Crowdstrike Holdings Class A,NASDAQ
TXN,Texas Instrument Inc,NASDAQ
KLAC,Kla,NASDAQ
GS,Goldman Sachs Group,NYSE
RTX,Rtx,NYSE
WFC,Wells Fargo,NYSE
TMO,Thermo Fisher Scientific Inc,NYSE
MRVL,Marvell Technology,NASDAQ
SNDK,Sandisk,NASDAQ
ORCL,Oracle,NYSE
LIN,Linde Plc,NASDAQ
ANET,Arista Networks,NYSE
AMGN,Amgen Inc,NASDAQ
C,Citigroup,NYSE
IBM,International Business Machines,NYSE
MS,Morgan Stanley,NYSE
APH,Amphenol Corp Class A,NYSE
ADI,Analog Devices,NASDAQ
VZ,Verizon Communications Inc,NYSE
DIS,Walt Disney,NYSE
QCOM,Qualcomm,NASDAQ
GILD,Gilead Sciences,NASDAQ
CRM,Salesforce,NYSE
PEP,Pepsico,NASDAQ
DELL,Dell Technologies Inc Class C,NYSE
ABT,Abbott Laboratories,NYSE
MCD,Mcdonalds Corp,NYSE
T,At&T,NYSE
UNP,Union Pacific,NYSE
ETN,Eaton Plc,NYSE
COP,Conocophillips,NYSE
BLK,Blackrock,NYSE
NEE,Nextera Energy,NYSE
AXP,American Express,NYSE
DE,Deere,NYSE
WELL,Welltower,NYSE
PFE,Pfizer,NYSE
SCHW,Charles Schwab,NYSE
TJX,Tjx,NYSE
ISRG,Intuitive Surgical,NASDAQ
NOW,Servicenow,NYSE
BA,Boeing,NYSE
UBER,Uber Technologies,NYSE
DHR,Danaher,NYSE
MPC,Marathon Petroleum,NYSE
WDC,Western Digital Corp,NASDAQ
VRTX,Vertex Pharmaceuticals,NASDAQ
ACN,Accenture Plc Class A,NYSE
PGR,Progressive,NYSE
VLO,Valero Energy Corp,NYSE
BKNG,Booking Holdings,NASDAQ
PLD,Prologis Reit,NYSE
BMY,Bristol Myers Squibb,NYSE
NEM,Newmont,NYSE
CB,Chubb,NYSE
GLW,Corning,NYSE
COF,Capital One Financial Corp,NYSE
PH,Parker-Hannifin,NYSE
MO,Altria Group Inc,NYSE
SPGI,S&P Global,NYSE
SNOW,Snowflake,NYSE
FTNT,Fortinet,NASDAQ
PSX,Phillips 66,NYSE
CVS,Cvs Health,NYSE
MDT,Medtronic Plc,NYSE
NET,Cloudflare Class A,NYSE
MCK,Mckesson Corp,NYSE
ADP,Automatic Data Processing Inc,NASDAQ
SBUX,Starbucks Corp,NASDAQ
LOW,Lowes Companies Inc,NYSE
TT,Trane Technologies Plc,NYSE
LMT,Lockheed Martin Corp,NYSE
PWR,Quanta Services Inc,NYSE
FCX,Freeport Mcmoran Inc,NYSE
EQIX,Equinix Reit,NASDAQ
CME,Cme Group Class A,NASDAQ
SO,Southern,NYSE
SPCX,Space Exploration Technologies Cor,NASDAQ
BNY,Bank Of New York Mellon Corp,NYSE
CDNS,Cadence Design Systems,NASDAQ
SYK,Stryker,NYSE
ADBE,Adobe Inc,NASDAQ
HPE,Hewlett Packard Enterprise,NYSE
VRT,Vertiv Holdings Class A,NYSE
JCI,Johnson Controls International Plc,NYSE
SNPS,Synopsys,NASDAQ
CEG,Constellation Energy Corp,NASDAQ
DUK,Duke Energy Corp,NYSE
DDOG,Datadog Inc Class A,NASDAQ
EMR,Emerson Electric,NYSE
USB,Us Bancorp,NYSE
HWM,Howmet Aerospace,NYSE
PNC,Pnc Financial Services Group,NYSE
WMB,Williams,NYSE
CSX,Csx,NASDAQ
ICE,Intercontinental Exchange Inc,NYSE
ELV,Elevance Health Inc,NYSE
MRSH,Marsh,NYSE
GD,General Dynamics Corp,NYSE
MMM,3M,NYSE
BX,Blackstone,NYSE
TMUS,T Mobile Us Inc,NASDAQ
SPOT,Spotify Technology,NYSE
HOOD,Robinhood Markets Class A,NASDAQ
INTU,Intuit,NASDAQ
LITE,Lumentum Holdings,NASDAQ
EOG,Eog Resources,NYSE
MAR,Marriott International Class A,NASDAQ
WM,Waste Management Inc,NYSE
MDLZ,Mondelez International Class A,NASDAQ
AMT,American Tower Reit,NYSE
TRV,Travelers Companies,NYSE
ITW,Illinois Tool Inc,NYSE
BE,Bloom Energy Class A,NYSE
CMCSA,Comcast Class A,NASDAQ
MSI,Motorola Solutions Inc,NYSE
CI,Cigna,NYSE
REGN,Regeneron Pharmaceuticals,NASDAQ
SHW,Sherwin Williams,NYSE
SLB,Slb,NYSE
GM,General Motors,NYSE
DASH,Doordash Class A,NASDAQ
CMI,Cummins Inc,NYSE
HLT,Hilton Worldwide Holdings,NYSE
MRNA,Moderna,NASDAQ
NSC,Norfolk Southern Corp,NYSE
ROST,Ross Stores Inc,NASDAQ
RCL,Royal Caribbean Group,NYSE
CL,Colgate-Palmolive,NYSE
UPS,United Parcel Service Inc Class B,NYSE
TGT,Target Corp,NYSE
ORLY,Oreilly Automotive Inc,NASDAQ
ECL,Ecolab,NYSE
CTAS,Cintas,NASDAQ
MCO,Moodys Corp,NYSE
ABNB,Airbnb Class A,NASDAQ
APP,Applovin Class A,NASDAQ
AEP,American Electric Power Inc,NASDAQ
URI,United Rentals,NYSE
HON,Honeywell International Inc,NASDAQ
DLR,Digital Realty Trust Reit,NYSE
MPWR,Monolithic Power Systems Inc,NASDAQ
NOC,Northrop Grumman Corp,NYSE
HCA,Hca Healthcare,NYSE
KEYS,Keysight Technologies,NYSE
FDX,Fedex Corp,NYSE
SPG,Simon Property Group Reit Inc,NYSE
KMI,Kinder Morgan,NYSE
TER,Teradyne,NASDAQ
BSX,Boston Scientific Corp,NYSE
KKR,Kkr And Co Inc,NYSE
APD,Air Products And Chemicals,NYSE
TRGP,Targa Resources,NYSE
MNST,Monster Beverage,NASDAQ
TDG,Transdigm Group,NYSE
COR,Cencora,NYSE
AJG,Arthur J Gallagher,NYSE
CIEN,Ciena,NYSE
FIX,Comfort Systems Usa,NYSE
ALL,Allstate Corp,NYSE
FAST,Fastenal,NASDAQ
LNG,Cheniere Energy,NYSE
AON,Aon Plc Class A,NYSE
OKE,Oneok,NYSE
AME,Ametek Inc,NYSE
PCAR,Paccar Inc,NASDAQ
COHR,Coherent,NYSE
TFC,Truist Financial,NYSE
CAH,Cardinal Health,NYSE
BKR,Baker Hughes Class A,NASDAQ
GWW,Ww Grainger Inc,NYSE
DVN,Devon Energy,NYSE
CRH,Crh Public Limited Plc,NYSE
D,Dominion Energy,NYSE
NUE,Nucor,NYSE
NTRA,Natera,NASDAQ
ALAB,Astera Labs,NASDAQ
MSTR,Strategy Inc Class A,NASDAQ
NU,Nu Holdings Class A,NYSE
MET,Metlife,NYSE
SRE,Sempra,NYSE
VST,Vistra,NYSE
AFL,Aflac,NYSE
DAL,Delta Air Lines,NYSE
O,Realty Income Reit,NYSE
BDX,Becton Dickinson,NYSE
ADSK,Autodesk,NASDAQ
ROK,Rockwell Automation Inc,NYSE
HONA,Honeywell Aerospace Inc,NASDAQ
VYLR,Vylor,NYSE
APO,Apollo Global Management,NYSE
AZO,Autozone,NYSE
PSA,Public Storage Reit,NYSE
EW,Edwards Lifesciences,NYSE
F,Ford Motor Co,NYSE
ETR,Entergy Corp,NYSE
A,Agilent Technologies Inc,NYSE
WAB,Westinghouse Air Brake Technologie,NYSE
P,Everpure Inc Class A,NYSE
PYPL,Paypal Holdings,NASDAQ
HUM,Humana,NYSE
STT,State Street,NYSE
AU,Anglogold Ashanti Plc,NYSE
FITB,Fifth Third Bancorp,NYSE
XEL,Xcel Energy Inc,NASDAQ
VMRK,Vivmark Residential,NYSE
NTAP,Netapp Inc,NASDAQ
EBAY,Ebay,NASDAQ
LHX,L3Harris Technologies,NYSE
GRMN,Garmin,NYSE
AMP,Ameriprise Finance Inc,NYSE
CVNA,Carvana Class A,NYSE
OXY,Occidental Petroleum Corp,NYSE
CARR,Carrier Global,NYSE
RSG,Republic Services Inc,NYSE
EXC,Exelon Corp,NASDAQ
VEEV,Veeva Systems Class A,NYSE
IQV,Iqvia Holdings Inc,NYSE
WAT,Waters Corp,NYSE
FLEX,Flex Ltd,NASDAQ
VTR,Ventas Reit,NYSE
CMG,Chipotle Mexican Grill,NYSE
FERG,Ferguson Enterprises Inc,NYSE
NDAQ,Nasdaq Inc,NASDAQ
AIG,American International Group,NYSE
NKE,Nike Class B,NYSE
TWLO,Twilio Class A,NYSE
IDXX,Idexx Laboratories,NASDAQ
KDP,Keurig Dr Pepper Inc,NASDAQ
MCHP,Microchip Technology Inc,NASDAQ
ILMN,Illumina Inc,NASDAQ
ADM,Archer Daniels Midland,NYSE
YUM,Yum Brands,NYSE
MSCI,Msci,NYSE
PRU,Prudential Financial Inc,NYSE
FANG,Diamondback Energy,NASDAQ
XYZ,Block Class A,NYSE
ED,Consolidated Edison,NYSE
TTWO,Take Two Interactive Software,NASDAQ
CBRE,Cbre Group Class A,NYSE
RKLB,Rocket Lab Corp,NASDAQ
IBKR,Interactive Brokers Group Inc Clas,NASDAQ
COIN,Coinbase Global Inc Class A,NASDAQ
SYY,Sysco,NYSE
OKTA,Okta Class A,NASDAQ
WDAY,Workday Class A,NASDAQ
ROP,Roper Technologies,NASDAQ
RVMD,Revolution Medicines,NASDAQ
PEG,Public Service Enterprise Group,NYSE
HIG,Hartford Insurance Group,NYSE
CRDO,Credo Technology Group Holding Ltd,NASDAQ
UAL,United Airlines Holdings,NASDAQ
EME,Emcor Group,NYSE
KR,Kroger,NYSE
DHI,D R Horton,NYSE
ODFL,Old Dominion Freight Line,NASDAQ
WEC,Wec Energy Group,NYSE
PAYX,Paychex,NASDAQ
KVUE,Kenvue,NYSE
IRM,Iron Mountain Inc,NYSE
CCL,Carnival Corp Ltd,NYSE
RMD,Resmed,NYSE
TEAM,Atlassian Corp Class A,NASDAQ
DXCM,Dexcom Inc,NASDAQ
KMB,Kimberly Clark,NASDAQ
BIIB,Biogen,NASDAQ
AXON,Axon Enterprise,NASDAQ
EQT,Eqt,NYSE
ACGL,Arch Capital Group,NASDAQ
CNC,Centene Corp,NYSE
MTB,M&T Bank,NYSE
VMC,Vulcan Materials,NYSE
STLD,Steel Dynamics Inc,NASDAQ
JBL,Jabil,NYSE
ON,On Semiconductor Corp,NASDAQ
HBAN,Huntington Bancshares Inc,NASDAQ
CBOE,Cboe Global Markets,Cboe BZX
NTRS,Northern Trust,NASDAQ
MTD,Mettler Toledo,NYSE
EXPE,Expedia Group,NASDAQ
ZTS,Zoetis Inc Class A,NYSE
SUNB,Sunbelt Rentals Holdings Inc,NYSE
IR,Ingersoll Rand Inc,NYSE
ALNY,Alnylam Pharmaceuticals,NASDAQ
HPQ,Hp Inc,NYSE
CCI,Crown Castle Inc,NYSE
GEHC,Ge Healthcare Technologies,NASDAQ
MDB,Mongodb Class A,NASDAQ
RBLX,Roblox Class A,NYSE
MLM,Martin Marietta Materials,NYSE
AEE,Ameren,NYSE
WSM,Williams Sonoma Inc,NYSE
WTW,Willis Towers Watson,NASDAQ
RJF,Raymond James,NYSE
EXR,Extra Space Storage Reit,NYSE
TDY,Teledyne Technologies Inc,NYSE
PCG,Pg&E Corp,NYSE
DG,Dollar General Corp,NYSE
FTI,Technipfmc Plc,NYSE
LYV,Live Nation Entertainment,NYSE
HAL,Halliburton,NYSE
CTSH,Cognizant Technology Solutions Cla,NASDAQ
CFG,Citizens Financial Group Inc,NYSE
Q,Qnity Electronics,NYSE
DTE,Dte Energy,NYSE
ATO,Atmos Energy,NYSE
LPLA,Lpl Financial Holdings,NASDAQ
NVT,Nvent Electric Plc,NYSE
FFIV,F5,NASDAQ
LH,Labcorp Holdings,NYSE
PPL,Ppl Corp,NYSE
EXPD,Expeditors International Of Washin,NYSE
CPAY,Corpay,NYSE
ATI,Ati,NYSE
CRWV,Coreweave Class A,NASDAQ
DGX,Quest Diagnostics Inc,NYSE
OTIS,Otis Worldwide,NYSE
WST,West Pharmaceutical Services,NYSE
DOV,Dover Corp,NYSE
HUBB,Hubbell Inc,NYSE
CINF,Cincinnati Financial,NASDAQ
ZM,Zoom Communications Class A,NASDAQ
AWK,American Water Works,NYSE
CNP,Centerpoint Energy,NYSE
VICI,Vici Pptys Inc,NYSE
FE,Firstenergy Corp,NYSE
ES,Eversource Energy,NYSE
ULTA,Ulta Beauty Inc,NASDAQ
ENTG,Entegris Inc,NASDAQ
FISV,Fiserv Inc,NASDAQ
QSR,Restaurants Brands International,NYSE
VRSN,Verisign,NASDAQ
XYL,Xylem Inc,NYSE
SYF,Synchrony Financial,NYSE
CASY,Caseys General Stores Inc,NASDAQ
HSY,Hershey Foods,NYSE
SMCI,Super Micro Computer Inc,NASDAQ
VLTO,Veralto Corp,NYSE
PPG,Ppg Industries,NYSE
PFG,Principal Financial Group Inc,NASDAQ
TPR,Tapestry,NYSE
CPRT,Copart Inc,NASDAQ
EL,Estee Lauder Inc Class A,NYSE
RPRX,Royalty Pharma Plc Class A,NASDAQ
CHD,Church And Dwight Inc,NYSE
RF,Regions Financial,NYSE
VRSK,Verisk Analytics,NASDAQ
DRI,Darden Restaurants Inc,NYSE
ARES,Ares Management Class A,NYSE
DLTR,Dollar Tree Inc,NASDAQ
ZS,Zscaler,NASDAQ
UTHR,United Therapeutics,NASDAQ
MKL,Markel Group,NYSE
MTSI,Macom Technology Solutions,NASDAQ
TROW,T Rowe Price Group,NASDAQ
IFF,International Flavors & Fragrances,NYSE
SW,Smurfit Westrock Plc,NYSE
AFRM,Affirm Holdings Class A,NASDAQ
NRG,Nrg Energy Inc,NYSE
INSM,Insmed,NASDAQ
RDDT,Reddit Class A,NYSE
PHM,Pultegroup,NYSE
USFD,Us Foods Holding,NYSE
TPL,Texas Pacific Land,NYSE
GH,Guardant Health,NASDAQ
PTC,Ptc,NASDAQ
OMC,Omnicom Group Inc,NYSE
THC,Tenet Healthcare Corp,NYSE
EIX,Edison International,NYSE
XPO,Xpo,NYSE
STE,Steris,NYSE
FWONK,Liberty Media Series C,NASDAQ
SNX,Td Synnex,NYSE
DOW,Dow,NYSE
RS,Reliance Steel & Aluminum,NYSE
VTRS,Viatris,NASDAQ
ROKU,Roku Class A,NASDAQ
CMS,Cms Energy,NYSE
PKG,Packaging Corp Of America,NYSE
SOFI,Sofi Technologies,NASDAQ
RGLD,Royal Gold,NASDAQ
EXE,Expand Energy,NASDAQ
NI,Nisource,NYSE
NTNX,Nutanix Class A,NASDAQ
KHC,Kraft Heinz,NYSE
LUV,Southwest Airlines,NYSE
CPNG,Coupang Class A,NYSE
AMCR,Amcor Plc,NYSE
WWD,Woodward,NASDAQ
GPN,Global Payments Inc,NYSE
BR,Broadridge Financial Solutions Inc,NYSE
BRO,Brown & Brown Inc,NYSE
CW,Curtiss Wright,NYSE
KEY,Keycorp,NYSE
RBRK,Rubrik Class A,NYSE
CRS,Carpenter Technology,NYSE
INCY,Incyte Corp,NASDAQ
DINO,Hf Sinclair,NYSE
EVRG,Evergy,NASDAQ
SWKS,Skyworks Solutions,NASDAQ
STZ,Constellation Brands Class A,NYSE
SCCO,Southern Copper Corp,NYSE
ZBRA,Zebra Technologies Corp Class A,NASDAQ
FSLR,First Solar,NASDAQ
DT,Dynatrace Inc,NYSE
SNA,Snap On Inc,NYSE
DD,Dupont De Nemours,NYSE
PR,Permian Resources Class A,NYSE
FIS,Fidelity National Information Serv,NYSE
L,Loews,NYSE
OVV,Ovintiv,NYSE
CDW,Cdw,NASDAQ
SBAC,Sba Communications Reit Corp Class,NASDAQ
GPC,Genuine Parts,NYSE
ITT,Itt Inc,NYSE
LSCC,Lattice Semiconductor,NASDAQ
ROIV,Roivant Sciences Ltd,NASDAQ
TSCO,Tractor Supply,NASDAQ
GIS,General Mills Inc,NYSE
MKSI,Mks,NASDAQ
FN,Fabrinet,NYSE
CF,Cf Industries Holdings Inc,NYSE
SMTC,Semtech,NASDAQ
FTAI,Ftai Aviation,NASDAQ
BURL,Burlington Stores,NYSE
EWBC,East West Bancorp,NASDAQ
CDE,Coeur Mining,NYSE
ESS,Essex Property Trust Reit,NYSE
EFX,Equifax,NYSE
NDSN,Nordson,NASDAQ
ZBH,Zimmer Biomet Holdings,NYSE
JBHT,Jb Hunt Transport Services,NASDAQ
FTV,Fortive,NYSE
BBY,Best Buy,NYSE
IEX,Idex,NYSE
WCC,Wesco International,NYSE
BAM,Brookfield Asset Management Voting,NYSE
RVTY,Revvity,NYSE
LNT,Alliant Energy Corp,NASDAQ
RGA,Reinsurance Group Of America,NYSE
IP,International Paper,NYSE
CHRW,Ch Robinson Worldwide,NASDAQ
SSNC,Ss And C Technologies Holdings,NASDAQ
HEI-A,Heico Class A,NYSE
FCNCA,First Citizens Bancshares Class A,NASDAQ
U,Unity Software,NYSE
TLN,Talen Energy,NASDAQ
J,Jacobs Solutions Inc,NYSE
APA,Apa,NASDAQ
LEN,Lennar A Class A,NYSE
MDLN,Medline Class A,NASDAQ
CLH,Clean Harbors Inc,NYSE
FDXF,Fedex Freight Holding Company Inc,NYSE
NVR,Nvr,NYSE
INVH,Invitation Homes,NYSE
RBA,Rb Global,NYSE
WRB,Wr Berkley,NYSE
STRL,Sterling Infrastructure,NASDAQ
BALL,Ball Corp,NYSE
HST,Host Hotels & Resorts Reit,NASDAQ
LYB,Lyondellbasell Industries Class A,NYSE
SN,Sharkninja,NYSE
EQH,Equitable Holdings,NYSE
RBC,Rbc Bearings,NYSE
APG,Api Group,NYSE
IONQ,Ionq,NYSE
FICO,Fair Isaac,NYSE
LDOS,Leidos Holdings,NYSE
EG,Everest Group,NYSE
EXEL,Exelixis Inc,NASDAQ
KIM,Kimco Realty Reit Corp,NYSE
UNM,Unum,NYSE
ARMK,Aramark,NYSE
CRL,Charles River Laboratories Interna,NYSE
ASTS,Ast Spacemobile Class A,NASDAQ
TOST,Toast Class A,NYSE
AKAM,Akamai Technologies Inc,NASDAQ
CRCL,Circle Internet Group Inc Class A,NYSE
BG,Bunge Global Sa,NYSE
BMNR,Bitmine Immersion Technologies,NYSE
ONTO,Onto Innovation,NYSE
TSN,Tyson Foods Inc Class A,NYSE
SITM,Sitime,NASDAQ
VIK,Viking Holdings Ltd,NYSE
PFGC,Performance Food Group,NYSE
GFL,Gfl Environmental Subordinate Voti,NYSE
IOT,Samsara Class A,NYSE
MAS,Masco,NYSE
NBIX,Neurocrine Biosciences,NASDAQ
GWRE,Guidewire Software,NYSE
RNR,Renaissancere Holding,NYSE
JLL,Jones Lang Lasalle,NYSE
TYL,Tyler Technologies,NYSE
SWK,Stanley Black & Decker,NYSE
SGI,Somnigroup International,NYSE
MEDP,Medpace Holdings,NASDAQ
PNFP,Pinnacle Financial Partners,NYSE
WPC,W. P. Carey Reit,NYSE
RIVN,Rivian Automotive Inc Class A,NASDAQ
TRMB,Trimble Inc,NASDAQ
DOCU,Docusign,NASDAQ
SUI,Sun Communities Reit Inc,NYSE
WY,Weyerhaeuser Reit,NYSE
LECO,Lincoln Electric Holdings,NASDAQ
RL,Ralph Lauren Class A,NYSE
GDDY,Godaddy Class A,NYSE
AIZ,Assurant Inc,NYSE
MTZ,Mastec Inc,NYSE
NLY,Annaly Capital Management Reit,NYSE
MAA,Mid America Apartment Communities,NYSE
JAZZ,Jazz Pharmaceuticals Plc,NASDAQ
CACI,Caci International Inc Class A,NYSE
MLI,Mueller Industries Inc,NYSE
OHI,Omega Healthcare Investors Reit,NYSE
GGG,Graco,NYSE
GNRC,Generac Holdings,NYSE
HAS,Hasbro,NASDAQ
REG,Regency Centers Reit Corp,NASDAQ
GL,Globe Life,NYSE
BWXT,Bwx Technologies Inc,NYSE
TW,Tradeweb Markets Inc Class A,NASDAQ
DOC,Healthpeak Properties Inc,NYSE
CSL,Carlisle Companies,NYSE
HALO,Halozyme Therapeutics,NASDAQ
ALLE,Allegion Plc,NYSE
SOLV,Solventum,NYSE
ECHO,Echostar Class A,NASDAQ
BJ,Bjs Wholesale Club Holdings,NYSE
IT,Gartner,NYSE
AVY,Avery Dennison Corp,NYSE
TOL,Toll Brothers Inc,NYSE
TXT,Textron Inc,NYSE
BWA,Borgwarner,NYSE
RPM,Rpm International Inc,NYSE
NXT,Nextpower Inc,NASDAQ
FOXA,Fox Class A,NASDAQ
HEI,Heico,NYSE
TRU,Transunion,NYSE
DTM,Dt Midstream,NYSE
LAMR,Lamar Advertising Company Clas,NASDAQ
IREN,Iren,NASDAQ
SJM,Jm Smucker,NYSE
BAX,Baxter International,NYSE
AIT,Applied Industrial Technologies,NYSE
GEN,Gen Digital,NASDAQ
CCK,Crown Holdings Inc,NYSE
EHC,Encompass Health,NYSE
DOCN,Digitalocean Holdings,NYSE
MANH,Manhattan Associates,NASDAQ
ALB,Albemarle Corp,NYSE
CSGP,Costar Group,NASDAQ
PEN,Penumbra,NYSE
TTMI,Ttm Technologies Inc,NASDAQ
CHTR,Charter Communications Class A,NASDAQ
XP,Xp Class A Inc,NASDAQ
ASND,Ascendis Pharma,NASDAQ
MKC,Mccormick & Co Non-Voting,NYSE
PNW,Pinnacle West,NYSE
RMBS,Rambus,NASDAQ
DECK,Deckers Outdoor,NYSE
LII,Lennox International,NYSE
TECH,Bio Techne,NASDAQ
FLUT,Flutter Entertainment Plc,NYSE
ARW,Arrow Electronics,NYSE
FIVE,Five Below,NASDAQ
HUBS,Hubspot,NYSE
RKT,Rocket Companies Inc Class A,NYSE
TKO,Tko Group Holdings Inc Class A,NYSE
AA,Alcoa Corp,NYSE
CORT,Corcept Therapeutics,NASDAQ
ELS,Equity Lifestyle Properties Reit I,NYSE
ELAN,Elanco Animal Health,NYSE
WTRG,Essential Utilities Inc,NYSE
FHN,First Horizon,NYSE
BBIO,Bridgebio Pharma,NASDAQ
COKE,Coca Cola Consolidated Inc,NASDAQ
W,Wayfair Class A,NYSE
TXRH,Texas Roadhouse Inc,NASDAQ
UDR,Udr Reit,NYSE
VIAV,Viavi Solutions,NASDAQ
IVZ,Invesco Ltd,NYSE
NWSA,News Class A,NASDAQ
AEIS,Advanced Energy Industries,NASDAQ
JKHY,Jack Henry And Associates Inc,NASDAQ
RRX,Regal Rexnord,NYSE
SANM,Sanmina,NASDAQ
CNH,Cnh Industrial N.V.,NYSE
LFUS,Littelfuse,NASDAQ
FORM,Formfactor Inc,NASDAQ
SEIC,Sei Investments,NASDAQ
HL,Hecla Mining,NYSE
AES,Aes,NYSE
COO,Cooper,NASDAQ
ALLY,Ally Financial Inc,NYSE
SF,Stifel Financial,NYSE
QXO,Qxo Inc,NYSE
AR,Antero Resources,NYSE
GLPI,Gaming And Leisure Properties Reit,NASDAQ
AMH,American Homes Rent Reit Class A,NYSE
HII,Huntington Ingalls Industries,NYSE
FDS,Factset Research Systems,NYSE
BMRN,Biomarin Pharmaceutical,NASDAQ
GME,Gamestop Class A,NYSE
FNF,Fidelity National Financial Inc,NYSE
SCI,Service,NYSE
DPZ,Dominos Pizza,NASDAQ
EGP,Eastgroup Properties Reit,NYSE
AVTR,Avantor,NYSE
DCI,Donaldson,NYSE
CGNX,Cognex,NASDAQ
BPOP,Popular,NASDAQ
KNX,Knight-Swift Transportation Holdin,NYSE
CG,Carlyle Group Inc,NASDAQ
PINS,Pinterest Class A,NYSE
CLX,Clorox,NYSE
MOH,Molina Healthcare Inc,NYSE
AGNC,Agnc Investment Reit,NASDAQ
LVS,Las Vegas Sands,NYSE
DAR,Darling Ingredients,NYSE
WSO,Watsco,NYSE
MTCH,Match Group Inc,NASDAQ
CR,Crane,NYSE
AMG,Affiliated Managers Group,NYSE
EVR,Evercore Class A,NYSE
ROL,Rollins Inc,NYSE
SSB,Southstate Bank Corp,NYSE
RGEN,Repligen,NASDAQ
ENSG,Ensign Group,NASDAQ
SOLS,Solstice Advanced Materials Inc,NASDAQ
AHR,American Healthcare Reit,NYSE
RRC,Range Resources,NYSE
NYT,New York Times Class A,NYSE
DKNG,Draftkings Class A,NASDAQ
WTFC,Wintrust Financial,NASDAQ
CPT,Camden Property Trust Reit,NYSE
PODD,Insulet,NASDAQ
OGE,Oge Energy,NYSE
WTS,Watts Water Technologies Class A,NYSE
MOD,Modine Manufacturing,NYSE
ALGN,Align Technology,NASDAQ
PAYC,Paycom Software,NYSE
AFG,American Financial Group,NYSE
APTV,Aptiv Plc,NYSE
OC,Owens Corning,NYSE
BXP,Bxp,NYSE
ZION,Zions Bancorporation,NASDAQ
LULU,Lululemon Athletica,NASDAQ
TTC,Toro,NYSE
CTVA,Corteva,NYSE
QGEN,Qiagen,NYSE
ALSN,Allison Transmission Holdings,NYSE
FRT,Federal Realty Investment Trust Re,NYSE
SAIA,Saia Inc,NASDAQ
CRBG,Corebridge Financial Inc,NYSE
AYI,Acuity,NYSE
CFR,Cullen Frost Bankers,NYSE
WMS,Advanced Drainage Systems Inc,NYSE
UHS,Universal Health Services Class B,NYSE
VOYA,Voya Financial,NYSE
FLS,Flowserve,NYSE
TTEK,Tetra Tech,NASDAQ
BAH,Booz Allen Hamilton Holding Class,NYSE
VMI,Valmont Inds,NYSE
ORI,Old Republic International,NYSE
R,Ryder System,NYSE
BEN,Franklin Templeton,NYSE
PRI,Primerica,NYSE
DKS,Dicks Sporting,NYSE
MDGL,Madrigal Pharmaceuticals,NASDAQ
MUSA,Murphy Usa,NYSE
AAL,American Airlines Group,NASDAQ
CUBE,Cubesmart Reit,NYSE
BRX,Brixmor Property Group Reit Inc,NYSE
REXR,Rexford Industrial Realty Reit,NYSE
GTLB,Gitlab Class A,NASDAQ
ESTC,Elastic,NYSE
ESI,Element Solutions Inc,NYSE
PNR,Pentair,NYSE
HSIC,Henry Schein,NASDAQ
GMED,Globus Medical Class A,NYSE
RAL,Ralliant,NYSE
DY,Dycom Industries Inc,NYSE
SPXC,Spx Technologies Inc,NYSE
ARWR,Arrowhead Pharmaceuticals,NASDAQ
COLB,Columbia Banking System Inc,NASDAQ
AAOI,Applied Optoelectronics,NASDAQ
S,Sentinelone Inc Class A,NYSE
WAL,Western Alliance,NYSE
AVT,Avnet Inc,NASDAQ
VNOM,Viper Energy Inc Class A,NASDAQ
CHRD,Chord Energy,NASDAQ
TIGO,Millicom International Cellular,NASDAQ
OSK,Oshkosh Corp,NYSE
FR,First Industrial Realty Trust,NYSE
ARE,Alexandria Real Estate Equities Re,NYSE
ADC,Agree Realty Reit,NYSE
FOX,Fox Class B,NASDAQ
UGI,Ugi,NYSE
IDA,Idacorp,NYSE
KTOS,Kratos Defense And Security Soluti,NASDAQ
ATR,Aptargroup,NYSE
KMX,Carmax Inc,NYSE
PB,Prosperity Bancshares,NYSE
THG,Hanover Insurance Group,NYSE
ACM,Aecom,NYSE
AUR,Aurora Innovation Class A,NASDAQ
FPS,Forgent Power Solutions Class A,NYSE
ONON,On Holding Ag Class A,NYSE
CHYM,Chime Financial Class A,NASDAQ
NNN,Nnn Reit,NYSE
CNM,Core & Main Inc Class A,NYSE
KNSL,Kinsale Capital Group Inc,NYSE
TEM,Tempus Ai Class A,NASDAQ
TKR,Timken,NYSE
NFG,National Fuel Gas,NYSE
KEX,Kirby Corp,NYSE
EMN,Eastman Chemical,NYSE
AXSM,Axsome Therapeutics,NASDAQ
AXS,Axis Capital Holdings,NYSE
CBSH,Commerce Bancshares,NASDAQ
AM,Antero Midstream,NYSE
AXTA,Axalta Coating Systems,NYSE
IONS,Ionis Pharmaceuticals,NASDAQ
CART,Maplebear,NASDAQ
LNC,Lincoln National Corp,NYSE
AWI,Armstrong World Industries,NYSE
SSD,Simpson Manufacturing,NYSE
ETSY,Etsy,NYSE
NCLH,Norwegian Cruise Line Holdings,NYSE
PCOR,Procore Technologies Inc,NYSE
CLF,Cleveland Cliffs Inc,NYSE
HLI,Houlihan Lokey Class A,NYSE
GTES,Gates Industrial Plc,NYSE
PCTY,Paylocity Holding Corp,NASDAQ
NOV,Nov,NYSE
STAG,Stag Industrial Reit,NYSE
MP,Mp Materials Class A,NYSE
MHK,Mohawk Industries,NYSE
OMF,Onemain Holdings,NYSE
TPG,Tpg Inc Class A,NASDAQ
MSGS,Madison Square Garden Sports Class,NYSE
JHX,James Hardie Industries Plc,NYSE
BIO,Bio Rad Laboratories Class A,NYSE
CAG,Conagra Brands,NYSE
CHE,Chemed,NYSE
LAD,Lithia Motors Inc Class A,NYSE
VICR,Vicor,NASDAQ
AGCO,Agco,NYSE
MTDR,Matador Resources,NYSE
BRKR,Bruker,NASDAQ
MSA,Msa Safety Inc,NYSE
LW,Lamb Weston Holdings,NYSE
AMKR,Amkor Technology,NASDAQ
HXL,Hexcel,NYSE
ECG,Everus Construction Group,NYSE
DOX,Amdocs,NASDAQ
MOS,Mosaic,NYSE
H,Hyatt Hotels Corp Class A,NYSE
AOS,A O Smith,NYSE
M,Macys Inc,NYSE
SFM,Sprouts Farmers Market Inc,NASDAQ
FAF,First American Financial Corp,NYSE
ELF,Elf Beauty,NYSE
GFS,Globalfoundries,NASDAQ
OWL,Blue Owl Capital Class A,NYSE
INGR,Ingredion Inc,NYSE
CZR,Caesars Entertainment Inc,NASDAQ
APLD,Applied Digital,NASDAQ
LYFT,Lyft Class A,NASDAQ
VNO,Vornado Realty Trust Reit,NYSE
JEF,Jefferies Financial Group Inc,NYSE
ST,Sensata Technologies Holding Plc,NYSE
FNB,Fnb Corp,NYSE
WEX,Wex,NYSE
LEA,Lear,NYSE
RNG,Ringcentral Inc Class A,NYSE
AAON,Aaon,NASDAQ
MKTX,Marketaxess Holdings,NASDAQ
CRUS,Cirrus Logic,NASDAQ
TAP,Molson Coors Brewing Class B,NYSE
EPAM,Epam Systems,NYSE
MTG,Mgic Investment,NYSE
WYNN,Wynn Resorts,NASDAQ
DUOL,Duolingo Class A,NASDAQ
LSTR,Landstar System,NASDAQ
HRL,Hormel Foods Corp,NYSE
DVA,Davita Inc,NYSE
HR,Healthcare Realty Trust Inc Class,NYSE
BLDR,Builders Firstsource Inc,NYSE
MSM,Msc Industrial Class A,NYSE
G,Genpact,NYSE
RYN,Rayonier Reit,NYSE
WFRD,Weatherford International Plc,NASDAQ
CROX,Crocs,NASDAQ
MGM,Mgm Resorts International,NYSE
HRB,H&R Block Inc,NYSE
TFX,Teleflex,NYSE
BSY,Bentley Systems Inc Class B,NASDAQ
LKQ,Lkq Corp,NASDAQ
SAIC,Science Applications International,NASDAQ
POWL,Powell Industries Inc,NASDAQ
CAVA,Cava Group,NYSE
GXO,Gxo Logistics,NYSE
ULS,Ul Solutions Inc Class A,NYSE
GAP,Gap,NYSE
MBGL,Mobility Global Inc,NYSE
EXLS,Exlservice Holdings,NASDAQ
NEU,Newmarket,NYSE
PATH,Uipath Inc Class A,NYSE
WH,Wyndham Hotels Resorts,NYSE
EXP,Eagle Materials Inc,NYSE
MTN,Vail Resorts,NYSE
POOL,Pool,NASDAQ
AVAV,Aerovironment,NASDAQ
OLLI,Ollies Bargain Outlet Holdings,NASDAQ
IESC,Ies Inc,NASDAQ
DBX,Dropbox Inc Class A,NASDAQ
VFC,Vf Corp,NYSE
TTD,Trade Desk Inc Class A,NASDAQ
UHAL-B,U Haul Non Voting Series N,NYSE
PRMB,Primo Brands Class A Corp,NYSE
AS,Amer Sports Inc,NYSE
CHDN,Churchill Downs,NASDAQ
SHC,Sotera Health Company,NASDAQ
FND,Floor Decor Holdings Class A,NYSE
WULF,Terawulf,NASDAQ
WTM,White Mountains Insurance Group,NYSE
VIRT,Virtu Financial Inc Class A,NYSE
CE,Celanese Corp,NYSE
SON,Sonoco Products,NYSE
OKLO,Oklo Class A,NYSE
FIG,Figma Class A,NYSE
RITM,Rithm Capital,NYSE
PL,Planet Labs Class A,NYSE
MAT,Mattel Inc,NASDAQ
RLI,Rli Corp,NYSE
Z,Zillow Group Class C,NASDAQ
OZK,Bank Ozk,NASDAQ
SARO,Standardaero,NYSE
SIRI,Siriusxm Holdings,NASDAQ
BROS,Dutch Bros Class A,NYSE
CUZ,Cousins Properties Reit Inc,NYSE
VSNT,Versant Media Group Inc Class A,NASDAQ
KBR,Kbr Inc,NYSE
NXST,Nexstar Media Group Inc,NASDAQ
TREX,Trex,NYSE
LLYVK,Liberty Live Holdings Inc Series C,NASDAQ
MIDD,Middleby,NASDAQ
FBIN,Fortune Brands Innovations,NYSE
ALK,Alaska Air Group Inc,NYSE
IRDM,Iridium Communications,NASDAQ
CELH,Celsius Holdings,NASDAQ
GNTX,Gentex,NASDAQ
ALGM,Allegro Microsystems Inc,NASDAQ
PRIM,Primoris Services,NYSE
CHWY,Chewy Inc Class A,NYSE
VNT,Vontier,NYSE
STWD,Starwood Property Trust Reit Inc,NYSE
ENPH,Enphase Energy,NASDAQ
APPF,Appfolio Class A,NASDAQ
SLM,Slm Corp,NASDAQ
GSAT,Globalstar Voting,NASDAQ
RYAN,Ryan Specialty Holdings Class A,NYSE
LPX,Louisiana Pacific,NYSE
JBS,Jbs N V Nv Class A,NYSE
NWS,News Class B,NASDAQ
LOPE,Grand Canyon Education Inc,NASDAQ
ACI,Albertsons Company Class A,NYSE
FCN,Fti Consulting,NYSE
VVV,Valvoline,NYSE
SITE,Siteone Landscape Supply Inc,NYSE
EPR,Epr Properties Reit,NYSE
BC,Brunswick Corp,NYSE
COLD,Americold Realty Inc Trust,NYSE
KRC,Kilroy Realty Reit,NYSE
MORN,Morningstar,NASDAQ
BEPC,Brookfield Renewable Subordinate V,NYSE
MDU,Mdu Resources Group,NYSE
FIGR,Figure Technology Solutions Class,NASDAQ
PVH,Pvh,NYSE
AN,Autonation,NYSE
DOCS,Doximity Class A,NYSE
CPB,Campbell Soup,NASDAQ
NVST,Envista Holdings,NYSE
GLXY,Galaxy Digital Inc Class A,NASDAQ
ESAB,Esab Corp,NYSE
OGN,Organon,NYSE
ADT,Adt Inc,NYSE
BILL,Bill Holdings,NYSE
DLB,Dolby Laboratories Class A,NYSE
TNL,Travel Leisure,NYSE
CCC,Ccc Intelligent Solutions Holdings,NASDAQ
BFAM,Bright Horizons Family Solutions,NYSE
BYD,Boyd Gaming,NYSE
BF-B,Brown Forman Class B,NYSE
BBWI,Bath And Body Works,NYSE
PAG,Penske Automotive Group Voting Inc,NYSE
CWEN,Clearway Energy Inc Class C,NYSE
RHI,Robert Half,NYSE
MRP,Millrose Properties Inc Class A,NYSE
HLNE,Hamilton Lane Class A,NASDAQ
THO,Thor Industries,NYSE
PLNT,Planet Fitness Inc Class A,NYSE
CAI,Caris Life Sciences,NASDAQ
VKTX,Viking Therapeutics,NASDAQ
LAZ,Lazard,NYSE
AUGO,Aura Minerals Inc,NASDAQ
WING,Wingstop,NASDAQ
OLED,Universal Display Corp,NASDAQ
FHB,First Hawaiian,NASDAQ
YETI,Yeti Holdings,NYSE
SLGN,Silgan Holdings,NYSE
PEGA,Pegasystems,NASDAQ
FRPT,Freshpet,NASDAQ
POST,Post Holdings,NYSE
WSC,Willscot Holdings Class A,NASDAQ
AGO,Assured Guaranty Ltd,NYSE
FRHC,Freedom Holding Corp,NASDAQ
AMTM,Amentum Holdings,NYSE
BHF,Brighthouse Financial,NASDAQ
CHH,Choice Hotels International,NYSE
KD,Kyndryl Holdings,NYSE
DRS,Leonardo Drs Inc,NASDAQ
UI,Ubiquiti,NYSE
LOAR,Loar Holdings,NYSE
PPLI,People,NASDAQ
GPK,Graphic Packaging Holding,NYSE
ALM,Almonty Industries,NASDAQ
LINE,Lineage,NASDAQ
KVYO,Klaviyo Series A,NYSE
PSN,Parsons Corp,NYSE
HHH,Howard Hughes Holdings Inc,NYSE
BOKF,Bok Financial Corp,NASDAQ
QS,Quantumscape Class A,NASDAQ
HAYW,Hayward Holdings,NYSE
SMG,Scotts Miracle Gro,NYSE
FOUR,Shift4 Payments Class A,NYSE
FWONA,Liberty Media Series A,NASDAQ
EEFT,Euronet Worldwide Inc,NASDAQ
KRMN,Karman Holdings Inc,NYSE
CACC,Credit Acceptance Corp,NASDAQ
JAN,Janus Living Inc Class A,NYSE
WLK,Westlake Corp,NYSE
SMMT,Summit Therapeutics,NASDAQ
DDS,Dillards Class A,NYSE
INIO,Innio N V Nv,NASDAQ
CAR,Avis Budget Group Inc,NASDAQ
IPGP,Ipg Photonics Corp,NASDAQ
LLYVA,Liberty Live Holdings Inc Series A,NASDAQ
WHR,Whirlpool,NYSE
OLN,Olin Corp,NYSE
WU,Western Union,NYSE
BIRK,Birkenstock Holding Plc,NYSE
MFP,Midera Food Processing Inc,NASDAQ
MPT,Medical Properties Trust Reit,NYSE
SNDR,Schneider National Class B,NYSE
LBTYA,Liberty Global Ltd Class A,NASDAQ
BF-A,Brown Forman Class A,NYSE
LBTYK,Liberty Global Ltd Class C,NASDAQ
SAIL,Sailpoint,NASDAQ
INGM,Ingram Micro Holding,NYSE
REYN,Reynolds Consumer Products Inc,NASDAQ
SEB,Seaboard,Nyse Mkt Llc
COLM,Columbia Sportswear,NASDAQ
PPC,Pilgrims Pride Corp,NASDAQ
QNT,Quantinuum Inc Class A,NASDAQ
ZG,Zillow Group Class A,NASDAQ
FRVO,Fervo Energy Class A,NASDAQ
MWH,Solv Energy Class A Inc,NASDAQ
DPC,Dpc Holdings Plc,NYSE
TFSL,Tfs Financial Corp,NASDAQ
NIQ,Niq Global Intelligence Plc,NYSE
SFD,Smithfield Foods Inc,NASDAQ
CNA,Cna Financial Corp,NYSE
FRMI,Fermi Inc,NASDAQ
JMKE,Jersey Mikes Subs Inc Class A,NYSE
LEN-B,Lennar Class B,NYSE
CBC,Central Bancompany Class A,NASDAQ
BLSH,Bullish,NYSE
XE,X-Energy Inc Class A,NASDAQ
UHAL,U Haul Holding,NYSE
UWMC,Uwm Holdings Class A,NYSE
HOLX,Hologic Inc,NO MARKET (E.G. UNLISTED)
UWMC-R-W,Uwm Holdings Rights When Issued Ex,NYSE
