ticker,name,mcap
0700.HK,TENCENT,3705165316096
1398.HK,ICBC,2696213430272
0939.HK,CCB,2528367607808
0005.HK,HSBC HOLDINGS,2438412894208
1288.HK,ABC,2306388262912
3750.HK,CATL,2206272585728
9988.HK,BABA-W,2075774550016
3988.HK,BANK OF CHINA,1942940811264
0857.HK,PETROCHINA,1799096238080
0941.HK,CHINA MOBILE,1721685508096
3968.HK,CM BANK,1302605070336
3308.HK,ZJ INNOLIGHT,1177320685568
6288.HK,FAST RETAIL-DRS,1144554258432
0883.HK,CNOOC,1142620160000
1088.HK,CHINA SHENHUA,941755203584
2318.HK,PING AN,928922009600
2899.HK,ZIJIN MINING,831760171008
2628.HK,CHINA LIFE,756363493376
3328.HK,BANKCOMM,737837645824
1299.HK,AIA,713492463616
0300.HK,MIDEA GROUP,708057890816
1211.HK,BYD COMPANY,664643698688
1658.HK,PSBC,643709534208
2359.HK,WUXI APPTEC,634294960128
1810.HK,XIAOMI-W,609174028288
9999.HK,NTES,597108129792
0386.HK,SINOPEC CORP,547293593600
0945.HK,MANULIFE-S,537977225216
2388.HK,BOC HONG KONG,512568393728
0981.HK,SMIC,486341214208
0388.HK,HKEX,473999507456
2888.HK,STANCHART,473579225088
0998.HK,CITIC BANK,462411333632
9633.HK,NONGFU SPRING,454807060480
3690.HK,MEITUAN-W,428325765120
0728.HK,CHINA TELECOM,414069817344
0992.HK,LENOVO GROUP,400918577152
2475.HK,LUXSHARE ICT,393206202368
6030.HK,CITIC SEC,367795372032
0267.HK,CITIC,367119106048
2259.HK,ZIJIN GOLD INTL,364517392384
0019.HK,SWIRE PACIFIC A,363517607936
2328.HK,PICC P&C,354549661696
6809.HK,MONTAGE TECH,333695090688
1276.HK,HENGRUI PHARMA,321505951744
3993.HK,CMOC,320914653184
6160.HK,BEONE MEDICINES,315024965632
2513.HK,Z.AI,313519144960
0016.HK,SHK PPT,309772713984
9618.HK,JD-SW,287368675328
3986.HK,GIGADEVICE,279855923200
2601.HK,CPIC,266868277248
1919.HK,COSCO SHIP HOLD,256729448448
0001.HK,CKH HOLDINGS,252974448640
2611.HK,GTHT,247156408320
2338.HK,WEICHAI POWER,245382250496
6951.HK,CCTC,244398358528
6869.HK,YOFC,238605221888
1339.HK,PICC GROUP,235713871872
0669.HK,TECHTRONIC IND,233491742720
2378.HK,PRU,224037552128
9888.HK,BIDU-W,223726387200
1347.HK,HUA HONG GRACE,223345000448
2269.HK,WUXI BIO,222693474304
1109.HK,CHINA RES LAND,218206748672
2714.HK,MUYUAN,208751542272
1378.HK,CHINAHONGQIAO,205814579200
9992.HK,POP MART,201625518080
2020.HK,ANTA SPORTS,198921879552
3692.HK,HANSOH PHARMA,195098624000
0066.HK,MTR CORPORATION,192618905600
0002.HK,CLP HOLDINGS,192010256384
2476.HK,VGT,190463705088
6690.HK,HAIER SMARTHOME,187922382848
9961.HK,TRIP.COM-S,186392739840
0762.HK,CHINA UNICOM,170124886016
6818.HK,CEB BANK,167212105728
1038.HK,CKI HOLDINGS,163270787072
1816.HK,CGN POWER,161596178432
1801.HK,INNOVENT BIO,161481867264
0788.HK,CHINA TOWER,158729289728
1888.HK,KB LAMINATES,158045224960
0175.HK,GEELY AUTO,157581737984
1113.HK,CK ASSET,156790063104
3288.HK,HAITIAN FLAV,153930268672
1988.HK,MINSHENG BANK,151049338880
1766.HK,CRRC,149951561728
6936.HK,SF HOLDING,148559806464
0688.HK,CHINA OVERSEAS,148303183872
6031.HK,SANY HEAVY IND,148131528704
2423.HK,BEKE-W,147878084608
6886.HK,HTSC,147137871872
9973.HK,CHERY AUTO,139987369984
1336.HK,NCI,139818074112
3606.HK,FUYAO GLASS,138446897152
2600.HK,CHALCO,137627041792
1972.HK,SWIREPROPERTIES,137373597696
1898.HK,CHINA COAL,137359745024
0027.HK,GALAXY ENT,134179938304
1308.HK,SITC,133186068480
0003.HK,HK & CHINA GAS,132018585600
1776.HK,GF SEC,129892433920
0012.HK,HENDERSON LAND,126457036800
0006.HK,POWER ASSETS,126374535168
1024.HK,KUAISHOU-W,122728529920
6099.HK,CMSC,119316348928
1171.HK,YANKUANG ENERGY,117037023232
2057.HK,ZTO EXPRESS-W,115382501376
1138.HK,COSCO SHIP ENGY,114348212224
0358.HK,JIANGXI COPPER,112815734784
6618.HK,JD HEALTH,112781819904
6613.HK,LENS,110114537472
9987.HK,YUM CHINA,109349003264
1208.HK,MMG,109194592256
1377.HK,DTECH,107368177664
6990.HK,SKB BIO,106556882944
1929.HK,CHOW TAI FOOK,106556375040
1093.HK,CSPC PHARMA,105899614208
2268.HK,WUXI XDC,104158453760
1179.HK,HWORLD-S,103957807104
0836.HK,CHINA RES POWER,102091579392
0625.HK,SHEIN-W,100853940224
1698.HK,TME-SW,100654292992
0763.HK,ZTE,99019177984
1177.HK,SBP GROUP,97687592960
9926.HK,AKESO,97364828160
0083.HK,SINO LAND,97107607552
0902.HK,HUANENG POWER,96870572032
0316.HK,OOIL,96744693760
2050.HK,SANHUA,96195198976
0823.HK,LINK REIT,95326912512
3808.HK,SINOTRUK,95038570496
1913.HK,PRADA,94778843136
3908.HK,CICC,94372864000
1880.HK,CTG DUTY-FREE,93293068288
1548.HK,GENSCRIPT BIO,92816203776
1997.HK,WHARF REIC,91208269824
6823.HK,HKT-SS,89825460224
3296.HK,HUAQIN,89385172992
1928.HK,SANDS CHINA LTD,89189048320
9976.HK,LONGSYS,87151083520
0293.HK,CATHAY PAC AIR,86047956992
6066.HK,CSC,85556346880
1209.HK,CHINA RES MIXC,85182906368
1787.HK,SD GOLD,84914905088
0914.HK,CONCH CEMENT,84327415808
2015.HK,LI AUTO-W,84084695040
0288.HK,WH GROUP,83524730880
0501.HK,OMNIVISION,83392020480
1519.HK,J&T EXPRESS-W,83277561856
2099.HK,CHINAGOLDINTL,83246891008
3228.HK,KINWONG,80650395648
0390.HK,CHINA RAILWAY,79236136960
6082.HK,BIREN TECH,78688821248
1768.HK,BUSYMING,77245284352
1876.HK,BUD APAC,75938873344
6881.HK,CGS,75666063360
0753.HK,AIR CHINA,75515084800
3757.HK,ROBOTECHNIK,75347427328
9903.HK,ILUVATAR COREX,74494107648
0100.HK,MINIMAX-W,72361549824
0144.HK,CHINA MER PORT,72121794560
9868.HK,XPENG-W,71848255488
3618.HK,CQRC BANK,71662665728
9980.HK,EASTROC,70189449216
9901.HK,NEW ORIENTAL-S,69267218432
0522.HK,ASMPT,68695924736
0322.HK,TINGYI,68437872640
9866.HK,NIO-SW,68017729536
2319.HK,MENGNIU DAIRY,67762008064
0966.HK,CHINA TAIPING,67387846656
2016.HK,CZBANK,64953864192
3698.HK,HUISHANG BANK,64865374208
0148.HK,KINGBOARD HLDG,64726806528
2097.HK,MIXUE GROUP,64725008384
0135.HK,KUNLUN ENERGY,64605757440
2382.HK,SUNNY OPTICAL,64504197120
6693.HK,CHIFENG GOLD,64385933312
9660.HK,HORIZONROBOT-W,62700273664
2618.HK,JD LOGISTICS,61601705984
1772.HK,GANFENGLITHIUM,61517012992
0291.HK,CHINA RES BEER,61214281728
1072.HK,DONGFANG ELEC,61040058368
0668.HK,ANKER,61006225408
1818.HK,ZHAOJIN MINING,60645773312
9927.HK,SERES,60133322752
1258.HK,CHINFMINING,59623108608
2333.HK,GWMOTOR,59098324992
6821.HK,ASYMCHEM,58997633024
1186.HK,CHINA RAIL CONS,58799415296
6806.HK,SWHY,58217869312
3759.HK,PHARMARON,57433485312
6969.HK,SMOORE INTL,57309589504
0270.HK,GUANGDONG INV,57140555776
0004.HK,WHARF HOLDINGS,56842108928
6181.HK,LAOPU GOLD,56805679104
6656.HK,SIGENERGY,55987408896
3939.HK,WANGUO GOLD GP,55261990912
1364.HK,GUMING,54730199040
2638.HK,HKELECTRIC-SS,54651899904
2688.HK,ENN ENERGY,54636539904
0168.HK,TSINGTAO BR-500,54595088384
0177.HK,JIANGSU EXPRESS,54558806016
1989.HK,DELTON,54363586560
1800.HK,CHINA COMM CONS,53872340992
0670.HK,CHINA EAST AIR,53231448064
2723.HK,DEEPZERO,52956639232
0087.HK,SWIRE PACIFIC B,52677406720
1508.HK,CHINA RE,52250165248
3396.HK,LEGENDHOLDING,51884204032
2313.HK,SHENZHOU INTL,51727609856
1055.HK,CHINA SOUTH AIR,51282345984
2076.HK,BOSS ZHIPIN-W,51144417280
6862.HK,HAIDILAO,50011938816
0991.HK,DATANG POWER,49783054336
0285.HK,BYD ELECTRONIC,49728839680
3661.HK,SG MICRO,49707298816
1071.HK,HUADIAN POWER,49698394112
3998.HK,BOSIDENG,49654140928
2249.HK,NEXCHIP,49478189056
6198.HK,QINGDAO PORT,49462181888
2799.HK,CITIC FAMC,48950472704
0470.HK,WUXI LEAD,48853782528
1157.HK,ZOOMLION,48518283264
9863.HK,LEAPMOTOR,48341626880
0020.HK,SENSETIME-W,48126914560
9698.HK,GDS-SW,47705903104
9626.HK,BILIBILI-W,47660322816
2196.HK,FOSUN PHARMA,47587053568
3958.HK,DFZQ,47538728960
2588.HK,BOC AVIATION,47123300352
9696.HK,TIANQI LITHIUM,46633799680
0023.HK,BANK OF E ASIA,46500327424
3996.HK,CH ENERGY ENG,46009790464
1099.HK,SINOPHARM,45873643520
3311.HK,CHINA STATE CON,45743992832
0241.HK,ALI HEALTH,45452595200
0916.HK,CHINA LONGYUAN,44641419264
2727.HK,SH ELECTRIC,43434639360
1070.HK,TCL ELECTRONICS,43307651072
1735.HK,CENTRAL NEW EGY,42746880000
3200.HK,HANS CNC,42543673344
9630.HK,CFMEE,42486484992
1688.HK,LINGYI ITECH,42063183872
2018.HK,AAC TECH,42055639040
3668.HK,YANCOAL AUS,42016382976
9995.HK,REMEGEN,41843724288
0486.HK,RUSAL,41628860416
1828.HK,FWD,41561903104
3223.HK,INGENIC,41479360512
1385.HK,SHANGHAI FUDAN,41219866624
6166.HK,CIG,40802140160
6963.HK,SUNSHINE INS,40427855872
2607.HK,SH PHARMA,40421142528
0659.HK,CTF SERVICES,39922298880
0008.HK,PCCW,39358631936
2039.HK,CIMC,39203622912
3347.HK,TIGERMED,38074572800
0392.HK,BEIJING ENT,37287219200
1530.HK,3SBIO,37215264768
1193.HK,CHINA RES GAS,37079027712
0656.HK,FOSUN INTL,37017673728
2883.HK,CHINA OILFIELD,36979838976
1456.HK,GLMS SEC,36514844672
0960.HK,LONGFOR GROUP,36493340672
2726.HK,EPIWORLD,36472614912
3898.HK,TIMES ELECTRIC,36141903872
0576.HK,ZHEJIANGEXPRESS,35896594432
0868.HK,XINYI GLASS,35507953664
7618.HK,JD INDUSTRIALS,35328749568
2208.HK,GOLDWIND,35068043264
2282.HK,MGM CHINA,34957615104
9880.HK,UBTECH ROBOTICS,34835374080
1729.HK,TIME INTERCON,34645704704
2577.HK,INNOSCIENCE,34626461696
2380.HK,CHINA POWER,33894215680
0101.HK,HANG LUNG PPT,33846054912
1359.HK,CHINA CINDA,33584789504
3888.HK,KINGSOFT,33339893760
6088.HK,FIT HON TENG,33197778944
6880.HK,MOMENTA-W,33163753472
0598.HK,SINOTRANS,32138405888
3969.HK,CHINA CRSC,32034203648
6655.HK,HX BLDG MAT,31974955008
0220.HK,U-PRESID CHINA,31811893248
0151.HK,WANT WANT CHINA,31774132224
2331.HK,LI NING,31741513728
2631.HK,SICC,31475974144
2202.HK,CHINA VANKE,31377766400
2315.HK,BIOCYTOGEN-B,31053238272
6178.HK,EB SECURITIES,31007547392
2228.HK,XTALPI,30703394816
2788.HK,CHUANGXIN IND,30523250688
1963.HK,BCQ,30057691136
2245.HK,LYGEND RESOURCE,30029473792
1908.HK,C&D INTL GROUP,29875103744
0921.HK,HISENSE HA,29636028416
1133.HK,HARBIN ELECTRIC,29585930240
3866.HK,BQD,29392791552
9856.HK,LIGENT,29370292224
3360.HK,FE HORIZON,29309280256
3277.HK,GPIXEL,28930738176
0384.HK,CHINA GAS HOLD,28875208704
2096.HK,SIMCERE PHARMA,28145643520
0257.HK,EB ENVIRONMENT,28134828032
3931.HK,CALB,28090984448
1882.HK,HAITIAN INT'L,27977881600
0552.HK,CHINACOMSERVICE,27946483712
3696.HK,INSILICO,27925678080
3317.HK,XUNCE,27899590656
2696.HK,HENLIUS,27614461952
1788.HK,GUOTAI JUNAN I,27493892096
3320.HK,CHINARES PHARMA,27266095104
1797.HK,EAST BUY,27110533120
9607.HK,RA MATERIALS,27093858304
1618.HK,MCC,27002562560
6979.HK,ZJLD,26820956160
0995.HK,ANHUIEXPRESSWAY,26654033920
0425.HK,MINTH GROUP,26404106240
2676.HK,NOVOSENSE,26324344832
1585.HK,YADEA,26166056960
2526.HK,DIAGENS-B,25970503680
1128.HK,WYNN MACAU,25847584768
0631.HK,SANY INT'L,25824305152
0696.HK,TRAVELSKY TECH,25809166336
1081.HK,DAJIN,25621770240
1440.HK,STAR SHINE HLDG,25422157824
0867.HK,CMS,25401892864
3330.HK,LINGBAO GOLD,25389993984
0683.HK,KERRY PPT,25285582848
1199.HK,COSCO SHIP PORT,25184776192
0268.HK,KINGDEE INT'L,24911083520
2689.HK,ND PAPER,24516853760
2357.HK,AVICHINA,24357070848
2367.HK,GIANT BIOGENE,24249319424
1879.HK,XIZHI TECH-P,23904301056
2225.HK,JINHAI MED TECH,23766013952
6186.HK,CHINA FEIHE,23472424960
0053.HK,GUOCO GROUP,23428456448
3323.HK,CNBM,23272611840
6887.HK,SUNSHINE PHARMA,23216912384
0780.HK,TONGCHENGTRAVEL,23178180608
2386.HK,SINOPEC SEG,23042783232
3800.HK,GCL TECH,22783250432
0136.HK,CHINA RUYI,22773698560
6127.HK,JOINN,22540394496
1318.HK,MAO GEPING,22478934016
2510.HK,TS LINES,22378016768
2602.HK,ONEWO,22346741760
2238.HK,GAC GROUP,22331574272
1044.HK,HENGAN INT'L,22326603776
2579.HK,CNGR,22288910336
2162.HK,KEYMED BIO-B,22271725568
9969.HK,INNOCARE,22160715776
2672.HK,BAIGE DIGITAL,22106791936
6651.HK,51WORLD,22001168384
9889.HK,DRCB,21698918400
6810.HK,SUNMI TECH-W,21661323264
9688.HK,ZAI LAB,21543888896
1551.HK,GRCB,21470586880
3896.HK,KINGSOFT CLOUD,21240279040
0622.HK,OSHIDORI,21212342272
0874.HK,BAIYUNSHAN PH,21184055296
3774.HK,FAMEGLOW,21128134656
8239.HK,CAPITAL FIN,21039880192
2648.HK,ANJOY FOOD,20863887360
9896.HK,MNSO,20812943360
2419.HK,DEKON AGR,20655130624
6680.HK,JLMAG,20591353856
1196.HK,REALORD TEC-NEW,20538492928
0317.HK,COMEC,20524113920
0551.HK,YUE YUEN IND,20522059776
0142.HK,FIRST PACIFIC,20351623168
0564.HK,ZCZL,20085749760
2026.HK,PONY-W,19844397056
0772.HK,CHINA LIT,19826452480
2343.HK,PACIFIC BASIN,19788705792
3858.HK,JIAXIN INTL RES,19743537152
2658.HK,TIANYU SEMI,19704932352
2525.HK,HESAI-W,19686774784
0666.HK,REPT BATTERO,19664793600
9900.HK,ZCLOUD TECH CON,19329120256
2356.HK,DAHSING BANKING,19272861696
1606.HK,CDB LEASING,19153205248
2232.HK,CRYSTAL INTL,18928474112
1513.HK,LIVZON PHARMA,18841391104
2687.HK,ABLE DIGI-50,18826676224
1415.HK,COWELL,18820071424
0013.HK,HUTCHMED,18754549760
1860.HK,MOBVISTA,18688673792
2518.HK,AUTOHOME-S,18639259648
7666.HK,METIS TECHBIO-P,18568355840
0189.HK,DONGYUE GROUP,18436052992
1877.HK,JUNSHI BIO,17911758848
0817.HK,CHINA JINMAO,17836455936
1651.HK,TSUGAMI CHINA,17789310976
2400.HK,XD INC,17781903360
1657.HK,SG GROUP HLDGS,17600000000
2768.HK,GON TECHNOLOGY,17350483968
0699.HK,JOYSON ELEC,17295337472
9858.HK,YOURAN DAIRY,17291225088
2460.HK,CR BEVERAGE,17277042688
1910.HK,SAMSONITE,17170185216
6098.HK,CG SERVICES,17144690688
0968.HK,XINYI SOLAR,17124456448
9606.HK,DUALITYBIO-B,17047837696
1396.HK,GBA AI COMP,17024827392
2276.HK,CONANT OPTICAL,16943896576
9899.HK,NETEASE MUSIC,16871333888
0548.HK,SHENZHENEXPRESS,16610268160
0512.HK,GRAND PHARMA,16598577152
0325.HK,BLOKS,16493108224
0010.HK,HANG LUNG GROUP,16475582464
0290.HK,GOFINTECH QUANT,16434644992
1357.HK,MEITU,16260582400
6055.HK,CTIHK,16212979712
3900.HK,GREENTOWN CHINA,16177243136
2698.HK,SOFTCARE,16141189120
1277.HK,KINETIC DEV,16124077056
2442.HK,EASY SMART GP,16115999744
0525.HK,GUANGSHEN RAIL,16044212224
1392.HK,HQVT,15995146240
2285.HK,CHERVON,15903644672
0014.HK,HYSAN DEV,15887816704
9985.HK,WL DELICIOUS,15857955840
6060.HK,ZA ONLINE,15820393472
1164.HK,CGN MINING,15809419264
0326.HK,CHINA STAR ENT,15787890688
0371.HK,BJ ENT WATER,15442366464
2880.HK,LIAONING PORT,15439506432
2590.HK,GEEKPLUS-W,15347005440
0179.HK,JOHNSON ELEC H,15290929152
0107.HK,SICHUAN EXPRESS,15275009024
0956.HK,CHINA SUNTIEN,15190035456
3877.HK,CSSC SHIPPING,15139334144
6049.HK,POLY PPT SER,15072800768
2507.HK,CIRRUS,15071420416
3933.HK,UNITED LAB,14796776448
2706.HK,HAIZHI TECH GP,14705587200
1066.HK,WEIGAO GROUP,14635426816
3899.HK,CIMC ENRIC,14600389632
6699.HK,ANGELALIGN,14283495424
0363.HK,SHANGHAI IND H,14275089408
1626.HK,JIA YAO HLDGS,14256000000
6658.HK,LIULIUMEI,14241184768
3355.HK,FS.COM,14212809728
2314.HK,LEE & MAN PAPER,14194975744
2610.HK,NANSHAN AL INTL,14158330880
6993.HK,BLUE MOON GROUP,14033419264
3752.HK,ROKAE ROBOTICS,13921996800
1579.HK,YIHAI INTL,13911692288
0440.HK,DAH SING,13875030016
0639.HK,SHOUGANG RES,13873154048
6682.HK,PHANCY,13691979776
6199.HK,BANK OF GUIZHOU,13639823360
1304.HK,FORTIOR,13583461376
2630.HK,VIGONVITA-B,13575420928
3369.HK,QHD PORT,13549473792
1866.HK,CHINA XLX FERT,13539890176
0069.HK,SHANGRI-LA ASIA,13532361728
2580.HK,AUX ELECTRIC,13420588032
0586.HK,CONCH VENTURE,13377587200
8279.HK,AGTECH HOLDINGS,13353936896
0123.HK,YUEXIU PROPERTY,13344178176
0017.HK,NEW WORLD DEV,13287649280
3339.HK,LONKING,13268310016
3928.HK,CHINA NEXT-GEN,13134080000
1783.HK,ENVISION GREEN,13074273280
1286.HK,IMPRO PRECISION,13046813696
0600.HK,AXERA,13013017600
0303.HK,VTECH HOLDINGS,12994000896
2869.HK,GREENTOWN SER,12990986240
0579.HK,JNCEC,12985100288
9668.HK,CBHB,12966260736
2556.HK,MARKETINGFORCE,12845920256
1112.HK,H&H INTL HLDG,12807937024
2778.HK,CHAMPION REIT,12780293120
0590.HK,LUK FOOK HOLD,12775467008
2675.HK,EDGE MEDICAL-B,12772433920
1686.HK,SUNEVISION,12760385536
1060.HK,DAMAI ENT,12730492928
1833.HK,PA GOODDOCTOR,12674691072
0340.HK,TONGGUAN GOLD,12673195008
9911.HK,NEWBORNTOWN,12638377984
2715.HK,ESTUN,12602345472
3393.HK,WASION HOLDINGS,12558322688
1033.HK,SINOPEC SSC,12511650816
0152.HK,SHENZHEN INT'L,12488179712
0901.HK,SDMC,12394295296
1681.HK,CONSUN PHARMA,12341332992
6666.HK,EVERG SERVICES,12324324352
0805.HK,NEW GONOW RV,12288000000
9636.HK,JF SMARTINVEST,12280586240
3388.HK,CREALITY,12233066496
9898.HK,WB-SW,12209927168
6865.HK,FLAT GLASS,12201373696
2637.HK,HAIXI PHARMA,12199626752
0856.HK,VSTECS,12167496704
9971.HK,BASICSEMI,12138661888
1578.HK,BANK OF TIANJIN,12110751744
2596.HK,YIBIN BANK,12090434560
1918.HK,SUNAC,12032951296
0800.HK,WERIDE-W,12010187776
2299.HK,BILLION IND,12005604352
0338.HK,SHANGHAI PECHEM,11913157632
0068.HK,MANYCORE TECH,11841727488
6616.HK,GLOBAL NEW MAT,11647961088
3306.HK,JNBY,11563030528
0323.HK,MAANSHAN IRON,11512518656
2866.HK,COSCO SHIP DEV,11490549760
0467.HK,UNITEDENERGY GP,11447276544
3918.HK,NAGACORP,11389200384
3677.HK,ZENERGY,11341629440
1117.HK,CH MODERN D,11332539392
1316.HK,NEXTEER,11294209024
0081.HK,CH OVS G OCEANS,11283218432
1956.HK,WENGE AI-50,11182337024
1428.HK,BRIGHT SMART,11083344896
1083.HK,TG SMART ENERGY,10959902720
0546.HK,FUFENG GROUP,10915058688
9981.HK,WOER,10905122816
2038.HK,FIH,10886193152
3310.HK,VIEWTRIX TECH,10866551808
2669.HK,CHINA OVS PPT,10804230144
2595.HK,GENFLEET-B,10784677888
6802.HK,CAMSENSE,10719674368
0336.HK,HUABAO INTL,10648349696
0999.HK,XIAOCAIYUAN,10590094336
0636.HK,KLN,10564424704
6855.HK,ASCENTAGE,10467033088
6731.HK,DIRECT DRIVE,10459342848
1999.HK,MAN WAH HLDGS,10417107968
1216.HK,ZYBANK,10416699392
1836.HK,STELLA HOLDINGS,10381341696
0165.HK,CHINA EB LTD,10372737024
1191.HK,CREALIGHTS,10355067904
1030.HK,SEAZEN,10319255552
0565.HK,ART GROUP HOLD,10271235072
9611.HK,LONGCHEER,10261281792
0347.HK,ANGANG STEEL,10212451328
0041.HK,GREAT EAGLE H,10196427776
1952.HK,EVEREST MED,10183455744
2025.HK,RUIFENG POWER,10112000000
2233.HK,WESTCHINACEMENT,10105684992
0697.HK,SHOUCHENG,10073844736
6600.HK,ONEROBOTICS,10028346368
